Title,Link,Description,Date
Kata-kata Pertama Antony Usai Gabung Real Betis,https://sport.detik.com/sepakbola/liga-spanyol/d-7750517/kata-kata-pertama-antony-usai-gabung-real-betis,,
"Sebelum Dark Nuns, Perlu Nonton The Priests Dulu Gak Sih?",https://www.detik.com/pop/movie/d-7749438/sebelum-dark-nuns-perlu-nonton-the-priests-dulu-gak-sih,,
"Debut Ole Romeny di Oxford United: Main 11 Menit, Nyaris Bikin Gol!",https://sport.detik.com/sepakbola/liga-indonesia/d-7750540/debut-ole-romeny-di-oxford-united-main-11-menit-nyaris-bikin-gol,,
"Tol Trans Jawa Belum Tersambung Penuh, Masih Ada Sisa Ruas Ini",https://finance.detik.com/infrastruktur/d-7750531/tol-trans-jawa-belum-tersambung-penuh-masih-ada-sisa-ruas-ini,,
Mau Coba Diet TWS yang Viral? Ini Menu Makan dan Latihannya,https://health.detik.com/diet/d-7750441/mau-coba-diet-tws-yang-viral-ini-menu-makan-dan-latihannya,,
"Trump Batalkan Lagi Kebijakan Biden, Kini Kirim Pasokan Bom ke Israel",https://news.detik.com/internasional/d-7750629/trump-batalkan-lagi-kebijakan-biden-kini-kirim-pasokan-bom-ke-israel,,
,https://news.detik.com/internasional/d-7750573/trump-minta-yordania-dan-mesir-tampung-pengungsi-gaza-lebih-banyak,,
,https://news.detik.com/internasional/d-7750566/as-kutuk-serangan-houthi-tangkap-7-staf-pbb-di-yaman,,
,https://20.detik.com/detikupdate/20250126-250126068/video-ragunan-diserbu-pengunjung-lalin-padat-merayap,,
,https://news.detik.com/berita/d-7750311/hoegeng-awards-2025-ajang-apresiasi-bukan-kontes-popularitas,,
,https://20.detik.com/detikupdate/20250126-250126050/video-chelsea-murung-usai-kena-comeback-manchester-city,,
,https://20.detik.com/detikupdate/20250126-250126048/video-kata-warga-soal-usul-moge-boleh-masuk-jalan-tol,,
,https://20.detik.com/detikupdate/20250126-250126052/video-liverpool-dan-arsenal-sama-sama-tersenyum,,
,https://news.detik.com/berita/d-7750625/prabowo-akui-belajar-banyak-dari-pm-modi-soal-pengentasan-kemiskinan,,
,https://finance.detik.com/berita-ekonomi-bisnis/d-7750576/ini-syarat-umkm-mitra-mbg-dapat-modal-sampai-rp-500-juta,,
,https://www.detik.com/sulsel/berita/d-7750564/gempa-terkini-m-4-5-guncang-sigi-sulteng-berpusat-di-darat,,
,,,
,https://event.detik.com/582/jakarta-zombie-run-festival-2025?utm_source=detikcom&utm_medium=channel_box,22 Feb 2025,
,https://event.detik.com/643/pelatihan-spesial---pemanfaatan-ai-untuk-dunia-pendidikan?utm_source=detikcom&utm_medium=channel_box,19 Feb 2025 - 20 Feb 2025,
,https://event.detik.com/638/detikcourse--sib-mandiri?utm_source=detikcom&utm_medium=channel_box,17 Feb 2025 - 04 Jul 2025,
,https://event.detik.com/640/pelatihan-spesial---membangun-aplikasi-web-sederhana-dengan-python-streamlit?utm_source=detikcom&utm_medium=channel_box,11 Feb 2025 - 12 Feb 2025,
,https://event.detik.com/610/mikie-funland-berastagi?utm_source=detikcom&utm_medium=channel_box,Rp 103.000,
,https://event.detik.com/593/crunchyroll-subscription-voucher?utm_source=detikcom&utm_medium=channel_box,08 Nov 2024 - 07 Nov 2025,
,https://event.detik.com/591/clay-cafe-----paint-your-own-pottery?utm_source=detikcom&utm_medium=channel_box,Rp 180.000,
,https://event.detik.com/457/barcode-gokart?utm_source=detikcom&utm_medium=channel_box,Rp 55.000,
,https://oto.detik.com/kendaraan-niaga/d-7750552/menghilangkan-truk-dan-bus-pencabut-nyawa-dari-jalanan-indonesia,,
,https://news.detik.com/berita/d-7750614/wni-ditembak-di-perairan-malaysia-1-orang-tewas-4-terluka,,
,,,
,https://20.detik.com/detikupdate/20250126-250126066/video-kondisi-lalin-tol-mbz-usai-sempat-terjadi-kecelakaan-beruntun,,
,,,
,https://news.detik.com/berita/d-7750611/kondisi-terkini-bocah-korban-tabrakan-yang-dijatuhkan-pelaku-dari-motor,,
,https://www.detik.com/pop/trending/d-7750593/selamat-salma-salsabil-resmi-menikah-dengan-dimansyah-laitupa-di-surabaya,,
,https://www.detik.com/pop/korean-wave/d-7750320/song-mino-diperiksa-polisi-4-jam-bantah-abaikan-tugas-wamil,,
,https://finance.detik.com/berita-ekonomi-bisnis/d-7750516/banting-harga-beli-nugget-di-transmart-full-day-sale-jadi-segini,,
,https://sport.detik.com/sepakbola/liga-spanyol/d-7750517/kata-kata-pertama-antony-usai-gabung-real-betis,,
,https://20.detik.com/detikupdate/20250126-250126063/video-mengulik-kampung-adat-baduy-yang-kini-ramai-pengunjung,,
,https://news.detik.com/berita/d-7750606/contraflow-diberlakukan-di-km-55-km-65-arah-cikampek-siang-ini,,
,https://20.detik.com/detikupdate/20250126-250126061/video-inggris-kembangkan-pesawat-kargo-tanpa-awak-untuk-kirim-bantuan-kemanusiaan,,
,https://finance.detik.com/infrastruktur/d-7750531/tol-trans-jawa-belum-tersambung-penuh-masih-ada-sisa-ruas-ini,,
,https://inet.detik.com/science/d-7750477/ilmuwan-temukan-dua-gunung-yang-100-kali-lebih-tinggi-dari-everest,,
,https://sport.detik.com/raket/d-7750569/hendrawan-dan-herry-ip-jadi-tamu-spesial-pesta-perpisahan-the-daddies,,
,https://news.detik.com/berita/d-7750592/cerita-warga-nyebur-kali-padamkan-kebakaran-sawah-besar-pakai-lumpur,,
,https://travel.detik.com/travel-news/d-7750318/wuih-promo-special-tiket-whoosh-gratis-masuk-diskon-di-23-destinasi-wisata,,
,https://news.detik.com/berita/d-7750590/momen-prabowo-dijamu-makan-malam-presiden-india-duduk-di-samping-pm-modi,,
,https://news.detik.com/berita/d-7750589/2-potongan-kaki-diduga-milik-korban-mutilasi-ngawi-ditemukan-di-ponorogo,,
,https://oto.detik.com/catatan-pengendara/d-7750542/dpr-usul-moge-boleh-masuk-tol-pakar-duga-ada-udang-di-balik-batu,,
,https://oto.detik.com/motor/d-7750474/klub-moge-pernah-minta-diperbolehkan-lewat-jalan-tol-ini,,
,https://www.detik.com/pop/trending/d-7750293/cerita-oki-setiana-dewi-selama-kuliah-di-mesir,,
,https://hot.detik.com/celeb/d-7749968/nenek-meninggal-dunia-nia-ramadhani-beliau-tidak-pernah-nyusahin-orang,,
,https://health.detik.com/berita-detikhealth/d-7750582/daftar-makanan-mengandung-racun-yang-mematikan-ada-yang-sering-dikonsumsi,,
,https://wolipop.detik.com/love/d-7750451/ramalan-zodiak-26-januari-cancer-jangan-ceroboh-pisces-lakukan-evaluasi,,
,https://finance.detik.com/berita-ekonomi-bisnis/d-7750492/transmart-full-day-sale-belanja-kecap-kemasan-jumbo-cuma-rp-21-ribuan,,
Foto Travel,https://travel.detik.com/fototravel/d-7750321/sensasi-menyusuri-sungai-dengan-ban-di-kabupaten-serang,,
,https://www.detik.com/hikmah/khazanah/d-7750490/kegiatan-isra-miraj-di-masjid-istiqlal-kajian-bersama-menag-hingga-habib-husein-bin-jafar,,
Ngeteh di Tea Room,https://food.detik.com/resto-dan-kafe/d-7749993/uniknya-ochazuke-ditemani-secangkir-matcha-ceremonial-asli-kyoto,,
,https://www.detik.com/edu/detikpedia/d-7750501/5-tradisi-isra-miraj-di-indonesia-ada-daerahmu,,
,https://www.detik.com/properti/berita/d-7750532/kisah-mantan-napi-jadi-taipan-hotel-berawal-dari-beli-tanah-terbengkalai,,
,https://news.detik.com/internasional/d-7750573/trump-minta-yordania-dan-mesir-tampung-pengungsi-gaza-lebih-banyak,,
,https://news.detik.com/internasional/d-7750566/as-kutuk-serangan-houthi-tangkap-7-staf-pbb-di-yaman,,
,https://finance.detik.com/berita-ekonomi-bisnis/d-7750504/perhatian-umkm-mitra-makan-bergizi-gratis-bisa-dapat-modal-sampai-rp-500-juta,,
,https://news.detik.com/berita/d-7750558/sejumlah-mobil-pecah-ban-gegara-lubang-di-tol-cipali-pengelola-buka-suara,,
,https://20.detik.com/detikupdate/20250126-250126059/video-ketua-mpr-pastikan-perkembangan-ikn-on-the-track,,
,https://news.detik.com/berita/d-7750556/maju-mundur-wacana-moge-masuk-tol-tuai-penolakan-lagi,,
,https://finance.detik.com/berita-ekonomi-bisnis/d-7750487/buruan-ke-transmart-full-day-sale-beli-sabun-mandi-murah-banget,,
,https://food.detik.com/info-kuliner/d-7750503/pengunjung-ngaku-temukan-paku-berkarat-di-bakmi-ini-fakta-sebenarnya,,
,https://sport.detik.com/sepakbola/liga-inggris/d-7750493/debut-horor-khusanov-sampai-mau-nangis,,
,https://20.detik.com/detikupdate/20250126-250126056/video-trekking-menantang-ke-dangdan-ageung-di-baduy,,
,https://inet.detik.com/games-news/d-7750400/garena-resmi-gelar-lomba-bikin-game-diikuti-130-pelajar-dan-mahasiswa,,
,https://www.detik.com/tag/prabowo-subianto,,
,https://www.detik.com/tag/donald-trump,,
,https://www.detik.com/tag/makan-bergizi-gratis,,
,https://www.detik.com/tag/widiyanti-putri-wardhana,,
,https://www.detik.com/tag/gaza,,
,https://sport.detik.com/sepakbola/liga-inggris/d-7750493/debut-horor-khusanov-sampai-mau-nangis,,
,https://news.detik.com/berita/d-7750558/sejumlah-mobil-pecah-ban-gegara-lubang-di-tol-cipali-pengelola-buka-suara,,
,https://news.detik.com/berita/d-7750439/geger-mutilasi-mayat-wanita-dalam-koper-di-ngawi-pelaku-ditangkap,,
,https://news.detik.com/internasional/d-7750538/presiden-korsel-lolos-perpanjangan-penahanan-jaksa-rapat-darurat,,
,https://finance.detik.com/infrastruktur/d-7750531/tol-trans-jawa-belum-tersambung-penuh-masih-ada-sisa-ruas-ini,,
,https://news.detik.com/internasional/d-7740449/trump-disebut-ingin-relokasi-warga-gaza-ke-indonesia-ini-respons-kemlu-ri,,
,https://news.detik.com/berita/d-7745563/hoegeng-awards-2025-resmi-dibuka-saatnya-usulkan-polisi-teladan-di-sekitarmu,,
,https://news.detik.com/berita/d-7746779/agung-sedayu-jelaskan-hgb-di-pagar-laut-tangerang-dulunya-tambak-sawah,,
